﻿--
-- Script was generated by Devart dbForge Studio for MySQL, Version 8.0.40.0
-- Product home page: http://www.devart.com/dbforge/mysql/studio
-- Script date 22/02/2022 13:14:56
-- Server version: 5.5.5-10.1.40-MariaDB
-- Client version: 4.1
--

-- 
-- Disable foreign keys
-- 
/*!40014 SET @OLD_FOREIGN_KEY_CHECKS=@@FOREIGN_KEY_CHECKS, FOREIGN_KEY_CHECKS=0 */;

-- 
-- Set SQL mode
-- 
/*!40101 SET @OLD_SQL_MODE=@@SQL_MODE, SQL_MODE='NO_AUTO_VALUE_ON_ZERO' */;

-- 
-- Set character set the client will use to send SQL statements to the server
--
SET NAMES 'utf8';

DROP DATABASE IF EXISTS cocina;

CREATE DATABASE IF NOT EXISTS cocina
CHARACTER SET utf8
COLLATE utf8_spanish_ci;

--
-- Set default database
--
USE cocina;

--
-- Create table `categorias`
--
CREATE TABLE IF NOT EXISTS categorias (
  id int(11) NOT NULL AUTO_INCREMENT,
  nombre varchar(200) NOT NULL,
  PRIMARY KEY (id)
)
ENGINE = INNODB,
AUTO_INCREMENT = 4,
AVG_ROW_LENGTH = 5461,
CHARACTER SET utf8,
COLLATE utf8_spanish_ci;

--
-- Create table `platos`
--
CREATE TABLE IF NOT EXISTS platos (
  id int(11) NOT NULL AUTO_INCREMENT,
  nombre varchar(200) NOT NULL,
  categoria int(11) DEFAULT NULL,
  precio_publico decimal(5, 2) DEFAULT 0.00,
  coste decimal(5, 2) DEFAULT 0.00,
  PRIMARY KEY (id)
)
ENGINE = INNODB,
AUTO_INCREMENT = 3,
AVG_ROW_LENGTH = 8192,
CHARACTER SET utf8,
COLLATE utf8_spanish_ci;

--
-- Create foreign key
--
ALTER TABLE platos
ADD CONSTRAINT fk_categoria_platos FOREIGN KEY (categoria)
REFERENCES categorias (id) ON DELETE SET NULL ON UPDATE CASCADE;

--
-- Create table `comandas`
--
CREATE TABLE IF NOT EXISTS comandas (
  id int(11) NOT NULL AUTO_INCREMENT,
  fecha date DEFAULT NULL,
  precio_total decimal(5, 2) DEFAULT 0.00,
  id_plato int(11) DEFAULT NULL,
  cantidad int(11) DEFAULT 0,
  PRIMARY KEY (id)
)
ENGINE = INNODB,
CHARACTER SET utf8,
COLLATE utf8_spanish_ci;

--
-- Create foreign key
--
ALTER TABLE comandas
ADD CONSTRAINT fk_comandas_plato FOREIGN KEY (id_plato)
REFERENCES platos (id) ON DELETE SET NULL ON UPDATE CASCADE;

--
-- Create table `proveedores`
--
CREATE TABLE IF NOT EXISTS proveedores (
  id int(11) NOT NULL AUTO_INCREMENT,
  nif varchar(9) DEFAULT NULL,
  nombre varchar(150) NOT NULL,
  PRIMARY KEY (id)
)
ENGINE = INNODB,
AUTO_INCREMENT = 4,
AVG_ROW_LENGTH = 5461,
CHARACTER SET utf8,
COLLATE utf8_spanish_ci;

--
-- Create table `telefonos_proveedores`
--
CREATE TABLE IF NOT EXISTS telefonos_proveedores (
  id int(11) NOT NULL AUTO_INCREMENT,
  id_proveedor int(11) DEFAULT NULL,
  telefono int(11) DEFAULT NULL,
  PRIMARY KEY (id)
)
ENGINE = INNODB,
AUTO_INCREMENT = 5,
AVG_ROW_LENGTH = 4096,
CHARACTER SET utf8,
COLLATE utf8_spanish_ci;

--
-- Create foreign key
--
ALTER TABLE telefonos_proveedores
ADD CONSTRAINT fk_proveedor_telefonos FOREIGN KEY (id_proveedor)
REFERENCES proveedores (id) ON DELETE CASCADE ON UPDATE CASCADE;

--
-- Create table `productos`
--
CREATE TABLE IF NOT EXISTS productos (
  id int(11) NOT NULL AUTO_INCREMENT,
  stock decimal(7, 2) DEFAULT 0.00,
  nombre varchar(200) DEFAULT NULL,
  precio_compra decimal(5, 2) DEFAULT 0.00,
  PRIMARY KEY (id)
)
ENGINE = INNODB,
AUTO_INCREMENT = 19,
AVG_ROW_LENGTH = 910,
CHARACTER SET utf8,
COLLATE utf8_spanish_ci;

--
-- Create table `productos_en_platos`
--
CREATE TABLE IF NOT EXISTS productos_en_platos (
  id int(11) NOT NULL AUTO_INCREMENT,
  id_plato int(11) DEFAULT NULL,
  id_producto int(11) DEFAULT NULL,
  gramos_producto decimal(7, 2) DEFAULT 0.00,
  PRIMARY KEY (id)
)
ENGINE = INNODB,
AUTO_INCREMENT = 6,
AVG_ROW_LENGTH = 3276,
CHARACTER SET utf8,
COLLATE utf8_spanish_ci;

--
-- Create foreign key
--
ALTER TABLE productos_en_platos
ADD CONSTRAINT fk_plato_productosdeplatos FOREIGN KEY (id_plato)
REFERENCES platos (id) ON DELETE CASCADE ON UPDATE CASCADE;

--
-- Create foreign key
--
ALTER TABLE productos_en_platos
ADD CONSTRAINT fk_producto_productosdeplatos FOREIGN KEY (id_producto)
REFERENCES productos (id) ON DELETE SET NULL ON UPDATE CASCADE;

--
-- Create table `productos_de_proveedores`
--
CREATE TABLE IF NOT EXISTS productos_de_proveedores (
  id int(11) NOT NULL AUTO_INCREMENT,
  id_producto int(11) DEFAULT NULL,
  id_proveedor int(11) DEFAULT NULL,
  precio_compra decimal(5, 2) DEFAULT 0.00,
  PRIMARY KEY (id)
)
ENGINE = INNODB,
AUTO_INCREMENT = 5,
AVG_ROW_LENGTH = 4096,
CHARACTER SET utf8,
COLLATE utf8_spanish_ci;

--
-- Create foreign key
--
ALTER TABLE productos_de_proveedores
ADD CONSTRAINT fk_producto_productosdeproveedores FOREIGN KEY (id_producto)
REFERENCES productos (id) ON DELETE CASCADE ON UPDATE CASCADE;

--
-- Create foreign key
--
ALTER TABLE productos_de_proveedores
ADD CONSTRAINT fk_proveedor_productosdeproveedores FOREIGN KEY (id_proveedor)
REFERENCES proveedores (id) ON DELETE SET NULL ON UPDATE CASCADE;

--
-- Create table `pedidos`
--
CREATE TABLE IF NOT EXISTS pedidos (
  id int(11) NOT NULL AUTO_INCREMENT,
  fecha date DEFAULT NULL,
  id_producto int(11) DEFAULT NULL,
  id_proveedor int(11) DEFAULT NULL,
  descuento int(11) DEFAULT 0,
  PRIMARY KEY (id)
)
ENGINE = INNODB,
CHARACTER SET utf8,
COLLATE utf8_spanish_ci;

--
-- Create foreign key
--
ALTER TABLE pedidos
ADD CONSTRAINT fk_producto_pedidos FOREIGN KEY (id_producto)
REFERENCES productos (id) ON DELETE SET NULL ON UPDATE CASCADE;

--
-- Create foreign key
--
ALTER TABLE pedidos
ADD CONSTRAINT fk_proveedor_pedidos FOREIGN KEY (id_proveedor)
REFERENCES proveedores (id) ON DELETE SET NULL ON UPDATE CASCADE;

--
-- Create table `guarniciones`
--
CREATE TABLE IF NOT EXISTS guarniciones (
  id int(11) NOT NULL AUTO_INCREMENT,
  nombre varchar(200) NOT NULL,
  coste decimal(5, 2) DEFAULT 0.00,
  PRIMARY KEY (id)
)
ENGINE = INNODB,
CHARACTER SET utf8,
COLLATE utf8_spanish_ci;

--
-- Create table `productos_en_guarniciones`
--
CREATE TABLE IF NOT EXISTS productos_en_guarniciones (
  id int(11) NOT NULL AUTO_INCREMENT,
  id_guarnicion int(11) DEFAULT NULL,
  id_producto int(11) DEFAULT NULL,
  gramos_producto decimal(7, 2) DEFAULT 0.00,
  PRIMARY KEY (id)
)
ENGINE = INNODB,
CHARACTER SET utf8,
COLLATE utf8_spanish_ci;

--
-- Create foreign key
--
ALTER TABLE productos_en_guarniciones
ADD CONSTRAINT fk_guarnicion_productosenguarniciones FOREIGN KEY (id_guarnicion)
REFERENCES guarniciones (id) ON DELETE CASCADE ON UPDATE CASCADE;

--
-- Create foreign key
--
ALTER TABLE productos_en_guarniciones
ADD CONSTRAINT fk_producto_productosenguarniciones FOREIGN KEY (id_producto)
REFERENCES productos (id) ON DELETE SET NULL ON UPDATE CASCADE;

--
-- Create table `guarniciones_en_platos`
--
CREATE TABLE IF NOT EXISTS guarniciones_en_platos (
  id int(11) NOT NULL AUTO_INCREMENT,
  id_plato int(11) DEFAULT NULL,
  id_guarnicion int(11) DEFAULT NULL,
  PRIMARY KEY (id)
)
ENGINE = INNODB,
CHARACTER SET utf8,
COLLATE utf8_spanish_ci;

--
-- Create foreign key
--
ALTER TABLE guarniciones_en_platos
ADD CONSTRAINT fk_guarnicion_guarnicionesenplatos FOREIGN KEY (id_guarnicion)
REFERENCES guarniciones (id) ON DELETE CASCADE ON UPDATE CASCADE;

--
-- Create foreign key
--
ALTER TABLE guarniciones_en_platos
ADD CONSTRAINT fk_plato_guarnicionesenplatos FOREIGN KEY (id_plato)
REFERENCES platos (id) ON DELETE CASCADE ON UPDATE CASCADE;

-- 
-- Dumping data for table categorias
--
INSERT INTO categorias VALUES
(1, 'Ibéricos'),
(2, 'Fritos'),
(3, 'Raciones');

-- 
-- Dumping data for table proveedores
--
INSERT INTO proveedores VALUES
(1, '72141414T', 'Pedro'),
(2, '72133314T', 'PescaMar'),
(3, '72322414T', 'Luis Huevoos');

-- 
-- Dumping data for table productos
--
INSERT INTO productos VALUES
(1, 100.00, 'Huevos', 0.50),
(2, 5000.00, 'Patata Semipreparada', 0.35),
(3, 2000.00, 'Sal', 33.50),
(4, 10000.00, 'Aceite', 43.00),
(5, 1000.00, 'Mayonesa', 15.30),
(6, 2100.00, 'Atún', 25.10),
(7, 1000.00, 'Jamón cocido', 11.99),
(8, 5000.00, 'Queso fundido', 25.50),
(9, 1000.00, 'Bacon en lonchas', 15.15),
(10, 1000.00, 'Queso rulo de cabra', 25.00),
(11, 1000.00, 'Pan bimbo', 25.50),
(12, 1000.00, 'Margarina', 9.99),
(13, 1000.00, 'Tomate', 25.60),
(14, 1000.00, 'Lechuga', 9.00),
(15, 10000.00, 'Patata cortada tipo brava', 3.50),
(16, 500.00, 'Kikmchee', 5.50),
(17, 1000.00, 'Jamón Ibérico', 9.20),
(18, 1000.00, 'Lomo Ibérico', 7.11);

-- 
-- Dumping data for table guarniciones
--
-- Table cocina.guarniciones does not contain any data (it is empty)

-- 
-- Dumping data for table platos
--
INSERT INTO platos VALUES
(1, 'Surtido de Ibéricos', 1, 7.30, 0.00),
(2, 'Ración de patatas', 2, 4.50, 0.00);

-- 
-- Dumping data for table telefonos_proveedores
--
INSERT INTO telefonos_proveedores VALUES
(1, 1, 628776322),
(2, 1, 628776334),
(3, 2, 678776311),
(4, 3, 658776364);

-- 
-- Dumping data for table productos_en_platos
--
INSERT INTO productos_en_platos VALUES
(1, 1, 17, 300.00),
(2, 1, 18, 300.00),
(3, 2, 4, 50.00),
(4, 2, 3, 5.00),
(5, 2, 15, 100.00);

-- 
-- Dumping data for table productos_en_guarniciones
--
-- Table cocina.productos_en_guarniciones does not contain any data (it is empty)

-- 
-- Dumping data for table productos_de_proveedores
--
INSERT INTO productos_de_proveedores VALUES
(1, 17, 1, 3.50),
(2, 18, 1, 2.90),
(3, 1, 3, 1.50),
(4, 6, 2, 4.77);

-- 
-- Dumping data for table pedidos
--
-- Table cocina.pedidos does not contain any data (it is empty)

-- 
-- Dumping data for table guarniciones_en_platos
--
-- Table cocina.guarniciones_en_platos does not contain any data (it is empty)

-- 
-- Dumping data for table comandas
--
-- Table cocina.comandas does not contain any data (it is empty)

--
-- Set default database
--
USE cocina;

DELIMITER $$

--
-- Create trigger `act_comandas_au`
--
CREATE 
	DEFINER = 'root'@'localhost'
TRIGGER IF NOT EXISTS act_comandas_au
	BEFORE INSERT
	ON comandas
	FOR EACH ROW
begin
	
	declare precio float(2);
SELECT DISTINCT
  (new.cantidad * (SELECT
      precio_publico
    FROM platos
    WHERE platos.id = new.id_plato)) INTO precio
FROM comandas;

SET new.fecha = CURDATE();
SET new.precio_total = precio;

end
$$

DELIMITER ;

-- 
-- Restore previous SQL mode
-- 
/*!40101 SET SQL_MODE=@OLD_SQL_MODE */;

-- 
-- Enable foreign keys
-- 
/*!40014 SET FOREIGN_KEY_CHECKS = @OLD_FOREIGN_KEY_CHECKS */;